{
  "frames": {
    "0": {
      "x": 0,
      "y": 0,
      "w": 256,
      "h": 256,
      "duration": 1
    },
    "1": {
      "x": 256,
      "y": 0,
      "w": 256,
      "h": 256,
      "duration": 1
    },
    "2": {
      "x": 512,
      "y": 0,
      "w": 256,
      "h": 256,
      "duration": 1
    },
    "3": {
      "x": 768,
      "y": 0,
      "w": 256,
      "h": 256,
      "duration": 1
    },
    "4": {
      "x": 1024,
      "y": 0,
      "w": 256,
      "h": 256,
      "duration": 1
    },
    "5": {
      "x": 1280,
      "y": 0,
      "w": 256,
      "h": 256,
      "duration": 1
    },
    "6": {
      "x": 1536,
      "y": 0,
      "w": 256,
      "h": 256,
      "duration": 1
    },
    "7": {
      "x": 1792,
      "y": 0,
      "w": 256,
      "h": 256,
      "duration": 1
    },
    "8": {
      "x": 0,
      "y": 256,
      "w": 256,
      "h": 256,
      "duration": 1
    },
    "9": {
      "x": 256,
      "y": 256,
      "w": 256,
      "h": 256,
      "duration": 1
    },
    "10": {
      "x": 512,
      "y": 256,
      "w": 256,
      "h": 256,
      "duration": 1
    },
    "11": {
      "x": 768,
      "y": 256,
      "w": 256,
      "h": 256,
      "duration": 1
    },
    "12": {
      "x": 1024,
      "y": 256,
      "w": 256,
      "h": 256,
      "duration": 1
    },
    "13": {
      "x": 1280,
      "y": 256,
      "w": 256,
      "h": 256,
      "duration": 1
    },
    "14": {
      "x": 1536,
      "y": 256,
      "w": 256,
      "h": 256,
      "duration": 1
    },
    "15": {
      "x": 1792,
      "y": 256,
      "w": 256,
      "h": 256,
      "duration": 1
    },
    "16": {
      "x": 0,
      "y": 512,
      "w": 256,
      "h": 256,
      "duration": 1
    },
    "17": {
      "x": 256,
      "y": 512,
      "w": 256,
      "h": 256,
      "duration": 1
    },
    "18": {
      "x": 512,
      "y": 512,
      "w": 256,
      "h": 256,
      "duration": 1
    },
    "19": {
      "x": 768,
      "y": 512,
      "w": 256,
      "h": 256,
      "duration": 1
    },
    "20": {
      "x": 1024,
      "y": 512,
      "w": 256,
      "h": 256,
      "duration": 1
    },
    "21": {
      "x": 1280,
      "y": 512,
      "w": 256,
      "h": 256,
      "duration": 1
    },
    "22": {
      "x": 1536,
      "y": 512,
      "w": 256,
      "h": 256,
      "duration": 1
    },
    "23": {
      "x": 1792,
      "y": 512,
      "w": 256,
      "h": 256,
      "duration": 1
    },
    "24": {
      "x": 0,
      "y": 768,
      "w": 256,
      "h": 256,
      "duration": 1
    },
    "25": {
      "x": 256,
      "y": 768,
      "w": 256,
      "h": 256,
      "duration": 1
    },
    "26": {
      "x": 512,
      "y": 768,
      "w": 256,
      "h": 256,
      "duration": 1
    },
    "27": {
      "x": 768,
      "y": 768,
      "w": 256,
      "h": 256,
      "duration": 1
    },
    "28": {
      "x": 1024,
      "y": 768,
      "w": 256,
      "h": 256,
      "duration": 1
    },
    "29": {
      "x": 1280,
      "y": 768,
      "w": 256,
      "h": 256,
      "duration": 1
    },
    "30": {
      "x": 1536,
      "y": 768,
      "w": 256,
      "h": 256,
      "duration": 1
    },
    "31": {
      "x": 1792,
      "y": 768,
      "w": 256,
      "h": 256,
      "duration": 1
    },
    "32": {
      "x": 0,
      "y": 1024,
      "w": 256,
      "h": 256,
      "duration": 1
    },
    "33": {
      "x": 256,
      "y": 1024,
      "w": 256,
      "h": 256,
      "duration": 1
    },
    "34": {
      "x": 512,
      "y": 1024,
      "w": 256,
      "h": 256,
      "duration": 1
    },
    "35": {
      "x": 768,
      "y": 1024,
      "w": 256,
      "h": 256,
      "duration": 1
    },
    "36": {
      "x": 1024,
      "y": 1024,
      "w": 256,
      "h": 256,
      "duration": 1
    },
    "37": {
      "x": 1280,
      "y": 1024,
      "w": 256,
      "h": 256,
      "duration": 1
    },
    "38": {
      "x": 1536,
      "y": 1024,
      "w": 256,
      "h": 256,
      "duration": 1
    },
    "39": {
      "x": 1792,
      "y": 1024,
      "w": 256,
      "h": 256,
      "duration": 1
    },
    "40": {
      "x": 0,
      "y": 1280,
      "w": 256,
      "h": 256,
      "duration": 1
    },
    "41": {
      "x": 256,
      "y": 1280,
      "w": 256,
      "h": 256,
      "duration": 1
    },
    "42": {
      "x": 512,
      "y": 1280,
      "w": 256,
      "h": 256,
      "duration": 1
    },
    "43": {
      "x": 768,
      "y": 1280,
      "w": 256,
      "h": 256,
      "duration": 1
    },
    "44": {
      "x": 1024,
      "y": 1280,
      "w": 256,
      "h": 256,
      "duration": 1
    },
    "45": {
      "x": 1280,
      "y": 1280,
      "w": 256,
      "h": 256,
      "duration": 1
    },
    "46": {
      "x": 1536,
      "y": 1280,
      "w": 256,
      "h": 256,
      "duration": 1
    },
    "47": {
      "x": 1792,
      "y": 1280,
      "w": 256,
      "h": 256,
      "duration": 1
    }
  },
  "meta": {
    "size": {
      "w": 2048,
      "h": 1536
    },
    "frame_size": {
      "w": 256,
      "h": 256
    },
    "background_mode": "rembg_fast",
    "rembg_model": "u2netp",
    "loop_match": {
      "first_index": 0,
      "second_index": 4,
      "similarity": 0.9998952150344849,
      "first_spritesheet_index": 0,
      "second_spritesheet_index": 2
    }
  }
}